"Timestamp","How old are you?","What is your nationality (nationalities)?","Where do you currently reside (city and country)?","What is your occupation?","How often do you travel per year (by airline, train, bus, etc.)?","What type of luggage do you use when travelling? (multiple answers possible)","Do you use bulky luggage and if so, for what items?","Do you plan to buy a new piece of luggage in the next year?","If yes, what type of luggage and why?","Have you ever had to repack your luggage because you exceeded the weight limit?","Have you ever left behind your luggage somewhere when travelling?","Has your luggage ever been misplaced by an airline?","Do you own any smart luggage?","If yes, which smart luggage do you own and why did you buy it? ","If no, what currently prevents you from purchasing a smart luggage?","Do you own and use an AirTag or similar tracking device when travelling?","What would enhance your travel experience when travelling with luggage (e.g. tracking device, integrated scale)?","What are your biggest concern(s)/fear(s) when travelling with luggage?","How much would you be willing to pay for such a solution?"
"2023/11/12 7:06:55 pm CET","21","Belgian ","Dublin, Ireland ","Student ","More than 15 times","Suitcase (carry-on);Suitcase (check-in luggage);Backpack (below 50 litre);Handbag;Laptop bag","No, I don’t use bulky luggage when traveling ","No","/","Yes","Yes","No","No","/","The pieces of luggage I own still have a lot of life in them and I therefore don’t want to spend the money on a new piece of smart luggage ","Yes","Tracking device, smart lock, …","Loosing your luggage;Misplaced luggage (by the carrier);Luggage theft;Damaged luggage;Overweight fees;Luggage mix up;Delayed luggage","31-45"
"2023/11/12 7:08:55 pm CET","22","german","Dublin, Ireland","Student ","More than 15 times","Suitcase (carry-on);Suitcase (check-in luggage);Backpack (50 litre and above);Backpack (below 50 litre);Handbag","","No","","Yes","Yes","Yes","No","","Price, Design, weight of luggage","Yes","More comfort, easy to use suitcases, digital solutions, up-to-Date information, news, all in one travel solution,","Loosing your luggage;Damaged luggage;Overweight fees;Luggage mix up;Delayed luggage","61-75"
"2023/11/12 7:09:26 pm CET","25","German, Swiss","Ireland","Student","4-6","Suitcase (carry-on);Suitcase (check-in luggage);Backpack (50 litre and above);Backpack (below 50 litre);Duffel bag;Laptop bag","No","No","","Yes","Yes","Yes","No","","Currently no smart hiking backpacks ","No","Having to worry less about my luggage","Loosing your luggage;Misplaced luggage (by the carrier);Luggage theft;Overweight fees;Luggage mix up","46-60"
"2023/11/12 7:10:46 pm CET","22","German","Dublin, Ireland","Student","More than 15 times","Suitcase (carry-on);Suitcase (check-in luggage);Handbag","","No","","Yes","No","No","No","","Only one feature per solution and too expensive for only one feature","No","Tracking device, scale on the luggage, name tag","Loosing your luggage;Misplaced luggage (by the carrier);Overweight fees;Delayed luggage","46-60"
"2023/11/12 7:22:38 pm CET","61","German","Kirchentellinsfurt","Civilengineer","1-3","Suitcase (check-in luggage);Laptop bag","No","No","","No","No","Yes","No","","No time","No","Integrales scale","Damaged luggage;Overweight fees","31-45"
"2023/11/12 7:39:02 pm CET","22","German","Weinstadt, Germany ","Student ","More than 15 times","Suitcase (carry-on);Suitcase (check-in luggage);Backpack (below 50 litre);Duffel bag/Weekender","Snowboard ","No","","No","Yes","Yes","No","","I have Apple AirTags","Yes","An integrated scale ","Damaged luggage;Overweight fees;Delayed luggage","46-60"
"2023/11/12 7:48:23 pm CET","22","German","Lancaster, UK","Student","7-9","Backpack (below 50 litre)","For long vacation, I usually use a middle seize suitcase. For less than 2 weeks I like to use a backpack. ","No","","Yes","No","No","No","","Never thought about it. I am happy with the stuff I own right now (1 medium, 1 large suitcase, 1 30l backpack, 1 55l backpack)","No","Maybe a tracking device... I used to put a spare old phone in my backpack to locate it in case of emergency. ","Luggage theft;Damaged luggage;Luggage mix up","46-60"
"2023/11/12 8:53:27 pm CET","59","German","Tübingen, Germany","CEO","1-3","Suitcase (carry-on);Duffel bag/Weekender;Laptop bag","","Yes","Suitcase (checkin luggage))","No","No","No","No","","Yet no time and no offer","No","Tracking device , integrated scale, much safety","Misplaced luggage (by the carrier);Damaged luggage","31-45"
"2023/11/12 9:06:36 pm CET","60","German","Kirchentellinsfurt, Germany","Publishing service provider","1-3","Backpack (below 50 litre);Duffel bag/Weekender;Handbag","","No","","Yes","No","No","No","","Right now not necessary. I would purchase a smart luggage as soon as needed.","No","A tracking device sounds useful.","Luggage theft","31-45"
"2023/11/12 9:06:39 pm CET","22","German","Dublin, Ireland","Student","1-3","Suitcase (carry-on);Backpack (below 50 litre)","","No","","Yes","No","No","No","","Never thought of it","Yes","Tracking, Scale, Lock","Loosing your luggage;Misplaced luggage (by the carrier);Luggage theft;Damaged luggage","1-15"
"2023/11/12 9:19:58 pm CET","24","GERMAN","BERLIN/GERMANY","Student","More than 15 times","Backpack (below 50 litre);Duffel bag/Weekender","no","Yes","I love buying bags so I guess I'll buy something at some point ","No","No","No","No","","Self-worth","No","I am perfectly happy with a bag that does not require firmware updates","Loosing your luggage;Luggage theft","I would not buy such a solution"
"2023/11/12 10:31:08 pm CET","19","belgian ","bruxelles belgium","student ","4-6","Suitcase (carry-on);Suitcase (check-in luggage)","","No","","Yes","No","Yes","No","","","No","integrated scale","Loosing your luggage;Luggage theft;Delayed luggage","46-60"
"2023/11/12 10:31:32 pm CET","21","italian ","Maastricht, The Netherlands","Student","More than 15 times","Suitcase (check-in luggage);Backpack (below 50 litre)","Clothes and personal belongings ","No","","Yes","No","Yes","No","","No need for it, did not know about it ","No","tracking device, scale","Loosing your luggage;Luggage theft;Luggage mix up","31-45"
"2023/11/12 10:32:58 pm CET","49","Swiss Italian","Laaber - Germany","Housewife","More than 15 times","Suitcase (carry-on);Suitcase (check-in luggage);Handbag","No","Yes","Lightweight suitcase","Yes","No","Yes","No","","I would like to have one","No","Tracking device","Loosing your luggage","31-45"
"2023/11/12 10:46:12 pm CET","49","Belgian","Belgium","Nutritionist ","1-3","Suitcase (check-in luggage)","No","No","","No","No","No","No","","Didnt see the need until now","No","Integrated scale and tracking","Loosing your luggage","16-30"
"2023/11/12 10:52:56 pm CET","63","French","Marseille france","Medical sciences ","More than 15 times","Suitcase (carry-on);Laptop bag","","No","","Yes","No","Yes","No","","Only few problems ","No","Better involvement of the travel company I pay","Loosing your luggage;Luggage theft;Delayed luggage","1-15"
"2023/11/12 10:58:34 pm CET","17","belgian","waterloo belgium ","gap year ","10-15","Suitcase (check-in luggage);Backpack (below 50 litre)","","Yes","","Yes","No","No","No","","","Yes","tracking device, integrated scale","Loosing your luggage;Luggage theft;Damaged luggage","76-100"
"2023/11/13 5:16:23 am CET","58","German","Dubai / UAE","Driver/Cook/Cleaner/Entertainer/Therapist","1-3","Suitcase (carry-on);Suitcase (check-in luggage);Handbag","","No","","No","No","Yes","Yes","Because it was time to replace the old
Suitcase ","","Yes","Feeling more save ","Loosing your luggage;Delayed luggage","1-15"
"2023/11/13 5:29:01 am CET","41","Italian ","Rwanda","Self employed","1-3","Suitcase (carry-on);Suitcase (check-in luggage);Laptop bag","","Yes","Big suitcase, current one broke","Yes","No","Yes","No","","Price?","Yes","Tracking device","Loosing your luggage;Misplaced luggage (by the carrier)","Above 100 euros"
"2023/11/13 5:34:09 am CET","41","Italian","Rwanda","Self employed ","1-3","Suitcase (carry-on);Suitcase (check-in luggage);Laptop bag","","Yes","Current one broke","Yes","No","Yes","No","","Price?","Yes","Tracking mostly","Loosing your luggage;Misplaced luggage (by the carrier);Luggage theft","76-100"
"2023/11/13 5:45:52 am CET","40","Belgian","Kigali rwanda","Business manager ","4-6","Suitcase (carry-on);Suitcase (check-in luggage)","No","Yes","Bag for carry on","Yes","No","Yes","No","","Availability and information ","No","Integrated scale","Luggage theft;Overweight fees","46-60"
"2023/11/13 5:47:33 am CET","45","Various","Dubai, UAE","Manager","1-3","Suitcase (check-in luggage);Backpack (below 50 litre);Handbag","Kartons when bringing items from home country","No","","Yes","No","Yes","No","","I don’t need it","Yes","Tracking device and luggage scale which I carry with me.","Misplaced luggage (by the carrier);Delayed luggage","31-45"
"2023/11/13 6:04:22 am CET","59","German ","Esslingen, germany ","Social worker","10-15","Suitcase (check-in luggage);Backpack (below 50 litre);Duffel bag/Weekender;Handbag","","No","","No","No","No","No","","I dont know wäre to buy ","No","Np idee ","Loosing your luggage","16-30"
"2023/11/13 6:15:40 am CET","57","Italian","Belgium","Teacher","1-3","Suitcase (carry-on);Suitcase (check-in luggage)","","No","","No","No","No","Yes","Because it’s  light","","Yes","Weight","Loosing your luggage;Damaged luggage","16-30"
"2023/11/13 6:16:47 am CET","49","France","Lyon","Sales director ","More than 15 times","Handbag;Laptop bag","Only for very long trips","No","","Yes","No","Yes","No","","Do not need extra luggage at the moment ","No","Maybe charging supply","Luggage theft","I would not buy such a solution"
"2023/11/13 6:17:07 am CET","51","German","Germany ","None","1-3","A car","","No","","Yes","No","Yes","No","","","No","Tracking ","Loosing your luggage;Misplaced luggage (by the carrier);Damaged luggage;Overweight fees","16-30"
"2023/11/13 6:37:24 am CET","53","Austrian","Bucharest","Self employed","10-15","Suitcase (carry-on);Suitcase (check-in luggage);Handbag;Laptop bag","No","Yes","Suitcase, mid-size; old one worn off","No","No","No","No","","Did not buy it yet","No","Needs to be Light, easily movable (wheels), still waiting for a suitcase that does not take up space when stored or not in use. ","Loosing your luggage;Misplaced luggage (by the carrier);Damaged luggage;Luggage mix up;Delayed luggage","16-30"
"2023/11/13 6:42:48 am CET","56","Gemany","Dubai, UAE","Housewife","4-6","Suitcase (check-in luggage);Backpack (below 50 litre);Handbag","","No","","Yes","No","No","No","","","No","Integrated scale","Loosing your luggage;Misplaced luggage (by the carrier)","31-45"
"2023/11/13 6:47:06 am CET","58","German","Frankfurt Germany ","Managing Director ","More than 15 times","Suitcase (carry-on);Suitcase (check-in luggage);Backpack (below 50 litre);Duffel bag/Weekender;Handbag;Laptop bag","No","Yes","A new laptop backpack","No","No","Yes","No","","It’s on my list","Yes","Integrated usb charging port, integrated scale","Misplaced luggage (by the carrier);Delayed luggage","46-60"
"2023/11/13 6:54:02 am CET","52","Turkish","Saudi Arabia","Homemaker","7-9","Suitcase (carry-on);Suitcase (check-in luggage);Handbag","N/A","Yes","a suitcase because my current ones are old","Yes","No","Yes","No","","  I just haven’t looked into those yet","Yes","N/a","Loosing your luggage;Damaged luggage;Luggage mix up;Delayed luggage","31-45"
"2023/11/13 6:56:36 am CET","51","German","Kusatsu, Japan","Self-employed","More than 15 times","Suitcase (carry-on);Suitcase (check-in luggage);Backpack (below 50 litre)","No","No","","No","No","Yes","Yes","Suitcase(es) with TSA lock","","No","tracking device","Delayed luggage","46-60"
"2023/11/13 6:56:49 am CET","42","German ","Germany ","Nurse","7-9","Suitcase (carry-on);Suitcase (check-in luggage);Handbag;Laptop bag","","No","","Yes","No","Yes","No","","My luggage is to new to replace ","No","Scale","Loosing your luggage;Damaged luggage;Overweight fees;Delayed luggage","16-30"
"2023/11/13 7:03:17 am CET","54","German","Houston, Texas (USA)","Office Manager ","1-3","Suitcase (carry-on);Suitcase (check-in luggage);Duffel bag/Weekender;Handbag","No","No","","Yes","No","No","No","","In fact: my next piece of luggage will be smart. I just need to buy it eventually…","No","Tracking device, phone charger","Misplaced luggage (by the carrier);Delayed luggage","31-45"
"2023/11/13 7:09:20 am CET","59","Swiss","Omaruru Namibia","Consultant","1-3","Suitcase (carry-on);Suitcase (check-in luggage);Laptop bag","No","No","","Yes","No","Yes","No","","Still got my good suitcases","No","Nothing","Luggage theft","31-45"
"2023/11/13 7:26:56 am CET","74","German","Mainz","Retired","7-9","Suitcase (carry-on);Suitcase (check-in luggage)","no","Yes","suitcase because mine is too small","Yes","No","No","No","","no idea","Yes","tracking device","Loosing your luggage","76-100"
"2023/11/13 7:38:36 am CET","63","German","Kaarst germany","Market research consultant","10-15","Suitcase (carry-on);Suitcase (check-in luggage);Backpack (below 50 litre);Handbag;Laptop bag","No","No","","No","No","Yes","Yes","TSA lock on carry on","","Yes","Nothing ","Loosing your luggage;Misplaced luggage (by the carrier);Luggage theft;Luggage mix up;Delayed luggage","I would not buy such a solution"
"2023/11/13 7:46:37 am CET","44","German ","Santarém portugal ","Interim manager- self employed ","More than 15 times","Laptop bag;Bag with wheels 110 litre ","Racing Bike","Yes","Bag with wheels, light weight, easy to carry ","Yes","No","No","No","","Didn’t think about it yet ","No","Yes ","Loosing your luggage;Misplaced luggage (by the carrier);Damaged luggage;Overweight fees","31-45"
"2023/11/13 7:49:40 am CET","61","German","Germany","Software Consultant","More than 15 times","Suitcase (carry-on);Suitcase (check-in luggage);Backpack (below 50 litre);Handbag;Soft Basket","No","No","","Yes","No","Yes","Yes","TSA approved locks ","My old luggage is perfectly intact","No","A built in tracking device would be great","Misplaced luggage (by the carrier);Luggage theft;Damaged luggage;Luggage mix up;Delayed luggage","31-45"
"2023/11/13 8:06:54 am CET","58","german","hamburg/germany","advisor","4-6","Suitcase (carry-on);Handbag","no","No","","No","No","Yes","No","","my suitcase is fine for years, so i don‘t need a new one","No","track the suitcase","Misplaced luggage (by the carrier)","16-30"
"2023/11/13 8:09:25 am CET","58","Germany","Germany","Housewife","4-6","Suitcase (carry-on);Suitcase (check-in luggage);Handbag;Laptop bag","No","No","","No","No","Yes","Yes","A smal suitcase for a 4 day trip","","No","No","Delayed luggage","Above 100 euros"
"2023/11/13 8:11:11 am CET","51","German","Germany","Banker","1-3","Suitcase (check-in luggage);Backpack (below 50 litre)","All of my luggage","No","","Yes","No","No","No","","No need","No","Scale","Loosing your luggage;Damaged luggage","I would not buy such a solution"
"2023/11/13 8:26:20 am CET","38","German","Fargo, ND, USA","Professor at University ","7-9","Suitcase (carry-on);Suitcase (check-in luggage);Backpack (50 litre and above);Backpack (below 50 litre);Laptop bag","I do when I go back to Germany. Mostly for bringing back German products (food, cosmetics, etc)","No","","Yes","Yes","Yes","No","","Too expensive and also I don't see the point to be honest ","Yes","Using an airtag is a game changer","Misplaced luggage (by the carrier);Luggage theft;Luggage mix up","I would not buy such a solution"
"2023/11/13 8:31:35 am CET","64","German","Hamburg Germany ","Backoffice Manager","4-6","Suitcase (carry-on);Suitcase (check-in luggage);Duffel bag/Weekender;Handbag","","No","","Yes","No","Yes","No","","No need for new luggage at the moment","No","tracking device","Loosing your luggage;Luggage theft","16-30"
"2023/11/13 8:34:23 am CET","45","German","Haarlem/ Netherlands ","Business owner (Coach)","7-9","Suitcase (carry-on);Suitcase (check-in luggage);Handbag","No","No","","Yes","No","Yes","No","","Haven‘ t think about it","No","Nothing ","Loosing your luggage;Damaged luggage;Delayed luggage","I would not buy such a solution"
"2023/11/13 8:44:52 am CET","48","German ","Leeds, UK ","Credit risk analyst ","1-3","Suitcase (carry-on);Suitcase (check-in luggage);Handbag","No","No","","Yes","No","Yes","No","","What is a smart luggage?","Yes","Na","Misplaced luggage (by the carrier);Damaged luggage;Delayed luggage","I would not buy such a solution"
"2023/11/13 8:51:41 am CET","53","German","Hannover, Germany","Pharmacist ","4-6","Suitcase (carry-on);Handbag","","Yes","Carry on suitcase","Yes","No","No","No","","Nothing ","No","More security about the whereabouts ","Loosing your luggage;Damaged luggage;Overweight fees","31-45"
"2023/11/13 9:06:45 am CET","57","German and New Zealand ","Auckland, New Zealand","Physiotherapist","4-6","Suitcase (carry-on);Suitcase (check-in luggage);Backpack (50 litre and above);Backpack (below 50 litre);Duffel bag/Weekender;Handbag","Suitcase if I have to take large amounts of clothing, gifts, etc.","No","","No","No","No","No","","I have enough pieces, don't need anything else.","No","Integrated scales","Loosing your luggage;Luggage theft","16-30"
"2023/11/13 10:10:31 am CET","58","German","Stuttgart/Germany","Teacher","4-6","Suitcase (carry-on);Suitcase (check-in luggage);Handbag;Laptop bag","Bike","Yes","Suitcase and carry on trolkey","Yes","No","Yes","No","","Didn't know it existed","No","Unlimited weight restriction, better wheels on trolleys","Loosing your luggage;Misplaced luggage (by the carrier);Damaged luggage;Luggage mix up","46-60"
"2023/11/13 10:32:46 am CET","64","Swiss","Germany ","Customer support ","4-6","Suitcase (carry-on);Suitcase (check-in luggage)","","No","","No","No","No","No","","Don’t know if I need it","No","?","Misplaced luggage (by the carrier);Luggage theft","16-30"
"2023/11/13 10:38:42 am CET","56","German ","Galway, Ireland ","Translator","7-9","Suitcase (carry-on);Duffel bag/Weekender;Handbag","No","Yes","Hard shell suitcase for a longer trip","Yes","No","Yes","No","","I rarely check in luggage.","No","Sturdy wheels that don't jam","Misplaced luggage (by the carrier);Damaged luggage;Luggage mix up","76-100"
"2023/11/13 11:20:52 am CET","51","German","Utrecht, Netherlands","psycholoog","7-9","Suitcase (carry-on);Suitcase (check-in luggage);Duffel bag/Weekender;Handbag;Laptop bag","","No","","No","No","No","Yes","Samsonite ecodriver for a vacation and for the weekend/short vacation","","No","a tracking device","Loosing your luggage;Misplaced luggage (by the carrier);Luggage theft;Damaged luggage","76-100"
"2023/11/13 11:33:14 am CET","73","german","Günstadt Germany ","retired","1-3","Suitcase (carry-on);Handbag","no","No","","Yes","No","No","No","","","No","tracking device
","Loosing your luggage;Overweight fees","16-30 euros"
"2023/11/13 11:42:05 am CET","22","German ","Stuttgart, Germany ","Student at a University ","1-3","Suitcase (carry-on);Backpack (50 litre and above)","","No","","Yes","No","No","No","","No need for new luggage. ","No","A good lock. Tracking device. ","Loosing your luggage;Luggage theft;Damaged luggage;Overweight fees;Luggage mix up","61-75 €"
"2023/11/13 11:43:13 am CET","22","German and irish","Stuttgart Germany","Student","1-3","Suitcase (check-in luggage);Backpack (below 50 litre)","No","No","","No","No","Yes","No","","No need because of infrequent air travel","No","A good lock and an integrated scale","Luggage theft;Overweight fees","31-45 €"
"2023/11/13 11:43:13 am CET","20","german","dublin ireland","working student","4-6","Suitcase (carry-on);Suitcase (check-in luggage);Handbag;Laptop bag","no","No","","Yes","No","No","Yes","usb charging port, was included lol","","No","integrated scale und tracking","Loosing your luggage;Misplaced luggage (by the carrier);Luggage theft;Luggage mix up","16-30 €"
"2023/11/13 11:44:20 am CET","20","German","Karlsruhe, Germany","Student","4-6","Suitcase (check-in luggage);Backpack (below 50 litre)","","No","","Yes","Yes","No","No","","I did not know that they exist","No","Probably a tracking device","Loosing your luggage;Damaged luggage","1-15 €"
"2023/11/13 11:44:26 am CET","21","German ","Dublin, Ireland","Student ","10-15","Suitcase (carry-on);Suitcase (check-in luggage);Backpack (below 50 litre);Handbag","no","No","","Yes","No","Yes","No","","High Price ","Yes","Tracking Device, Scale, sustainable materials","Loosing your luggage","46-60 €"
"2023/11/13 11:44:28 am CET","23","German","Breda, Netherlands ","Intern","10-15","Backpack (below 50 litre);Duffel bag/Weekender;Handbag","","No","","No","No","No","No","","","No","Tracking device ","Loosing your luggage","16-30 €"
"2023/11/13 11:44:36 am CET","20","German","Ireland ","Student","1-3","Suitcase (carry-on);Duffel bag/Weekender;Handbag","No","Yes","Carry On suite case, don’t have one in Dublin","Yes","No","Yes","No","","Money","No","Tracking device ","Loosing your luggage;Misplaced luggage (by the carrier)","31-45 €"
"2023/11/13 11:44:49 am CET","19","German / Irish","Dublin, Ireland ","Student ","More than 15 times","Suitcase (carry-on);Backpack (below 50 litre);Duffel bag/Weekender","","No","","No","No","No","No","","","No","Tracking device ","Loosing your luggage;Misplaced luggage (by the carrier);Overweight fees","I would not buy such a solution"
"2023/11/13 11:46:05 am CET","22","German","Lancaster, UK","Student","10-15","Suitcase (carry-on);Suitcase (check-in luggage);Backpack (below 50 litre)","","No","","Yes","No","No","Yes","Laptop bag","","No","Scale ","Luggage theft;Overweight fees","1-15 €"
"2023/11/13 11:46:10 am CET","25","German","Frankfurt Germany","Student","4-6","Suitcase (carry-on);Backpack (50 litre and above);Handbag","","Yes","Suitcase with 4 wheels","Yes","Yes","No","No","","","No","integrated scale is cool but not necessary","Misplaced luggage (by the carrier);Overweight fees;Luggage mix up","16-30 €"
"2023/11/13 11:46:25 am CET","22","German","London, UK","student ","4-6","Suitcase (check-in luggage);Backpack (below 50 litre);Handbag","no","No","","No","Yes","No","No","","I didn’t know it existed.","No","Nothing.","Misplaced luggage (by the carrier);Luggage theft","1-15 €"
"2023/11/13 11:47:57 am CET","25","German","Cambridge, UK","Student","More than 15 times","Suitcase (carry-on);Backpack (50 litre and above);Backpack (below 50 litre);Handbag","When moving to a new place, otherwise I try to avoid it.","No","","Yes","No","No","No","","I have never felt the need to own it, I have other ways of covering for these needs, e.g. power banks, locks etc. I'm not opposed to it though.","No","Scale maybe ","Loosing your luggage;Luggage theft;Overweight fees","I would not buy such a solution"
"2023/11/13 11:49:21 am CET","22","Germany ","Germany ","Student","More than 15 times","Suitcase (carry-on);Backpack (below 50 litre);Handbag","Hiking sticks","No","","Yes","No","No","No","","I never heard about it. I try to pack as light as possible. ","No","Easy to lift (e.g up to luggage spaces in trains)","Luggage theft;Overweight fees","31-45 €"
"2023/11/13 11:50:29 am CET","20","German","Dublin, Ireland","Student","7-9","Suitcase (carry-on);Backpack (50 litre and above);Backpack (below 50 litre)","No","No","","Yes","No","No","No","","I don't need one/ am content with the luggage I currently have","No","tracking device","Loosing your luggage;Misplaced luggage (by the carrier)","31-45 €"
"2023/11/13 11:51:28 am CET","23","German ","Germany ","Student","More than 15 times","Suitcase (carry-on);Suitcase (check-in luggage);Backpack (below 50 litre);Handbag;Laptop bag","Suitcase ","No","","Yes","No","Yes","Yes","TSA lock, for security while traveling USB charging port ","","No","Definitely a integrated scale so that I don't have to take a scale while traveling to avoid overweight ","Luggage theft;Damaged luggage;Overweight fees","16-30 €"
"2023/11/13 11:52:06 am CET","21","German","Huningue France","Student","More than 15 times","Backpack (below 50 litre)","","Yes","Backpack","Yes","Yes","No","No","","I don't need it for my travelling. ","No","Maybe less stress to loose my luggage. ","Loosing your luggage","I would not buy such a solution"
"2023/11/13 11:53:23 am CET","19","German ","Dublin, Ireland","Student ","7-9","Suitcase (carry-on)","","No","","Yes","No","No","No","","","No","Integrated scale ","Loosing your luggage;Damaged luggage","31-45 €"
"2023/11/13 11:53:47 am CET","22","German","city","student","More than 15 times","Suitcase (check-in luggage);Backpack (below 50 litre)","","No","","No","No","No","No","","Not necessary (travelling by train)","No","Not necessary","Loosing your luggage;Luggage theft","46-60 €"
"2023/11/13 11:54:34 am CET","21","Polish","Cracow Poland ","Student","10-15","Suitcase (carry-on);Suitcase (check-in luggage);Handbag","","No","","Yes","No","No","No","","","No","Integrated scale ","Loosing your luggage;Misplaced luggage (by the carrier);Damaged luggage;Delayed luggage","31-45 €"
"2023/11/13 11:54:43 am CET","21","German","Hong Kong, P. R. China","Student ","More than 15 times","Suitcase (carry-on);Suitcase (check-in luggage);Backpack (50 litre and above);Backpack (below 50 litre);Handbag","","No","","Yes","Yes","No","No","","I already have enough suitcases etc hence it would be an unnecessary expense","No","I am honestly quite satisfied without any add-on devices as you mostly find a way to eg. borrow a scale or something so that purchasing something new seems unnecessary ","Loosing your luggage;Luggage theft","I would not buy such a solution"
"2023/11/13 11:55:13 am CET","23","German","Stuttgart, Germany","Real Estate Business","4-6","Suitcase (carry-on);Suitcase (check-in luggage);Laptop bag","","No","","No","No","No","No","","No trust","Yes","nothing, stay classic","Luggage theft;Damaged luggage","46-60 €"
"2023/11/13 11:57:44 am CET","21","german","London (GB)","Student","More than 15 times","Suitcase (carry-on);Suitcase (check-in luggage);Backpack (below 50 litre);Laptop bag","","Yes","suitcase set (I need a business set)","Yes","No","No","No","","I don't need it, often the quality is bad","No","integrated scale","Loosing your luggage;Misplaced luggage (by the carrier);Luggage theft;Damaged luggage;Delayed luggage","Above 100 €"
"2023/11/13 11:58:08 am CET","54","German ","Trier, Germany","Goldsmith ","1-3","Suitcase (carry-on);Suitcase (check-in luggage)","No","No","","No","No","No","No","","No need","No","Knowing where my luggage is","Misplaced luggage (by the carrier);Luggage theft;Damaged luggage;Overweight fees","31-45 €"
"2023/11/13 12:00:37 pm CET","24","German","Tübingen, Germany","Student","More than 15 times","Suitcase (carry-on);Suitcase (check-in luggage);Backpack (50 litre and above);Backpack (below 50 litre);Duffel bag/Weekender","","Yes","Backpack (about 50 litre)","Yes","No","No","No","","I don't feel like it's necessary for my needs. Right now, I travel mostly with carry-on luggage, hence no need of a tracking device, and I don't fly often, so no need of a built-in scale.","No","For bigger journeys a tracking device might be helpfull as well as an integrated scale, if there isn't one available.","Misplaced luggage (by the carrier);Luggage theft;Luggage mix up","16-30 €"
"2023/11/13 12:01:03 pm CET","25","german","Dublin, Ireland","Student","10-15","Suitcase (carry-on);Suitcase (check-in luggage);Backpack (50 litre and above);Backpack (below 50 litre)","Rarely, only if travelling for a month or more.","No","","Yes","No","Yes","No","","Does not feel necessary to me.","No","integrated scale","Misplaced luggage (by the carrier);Overweight fees;Luggage mix up","76-100 €"
"2023/11/13 12:02:05 pm CET","28","German","Berlin / Germany","Student / Working Student","10-15","Suitcase (carry-on);Suitcase (check-in luggage);Backpack (below 50 litre)","Only for a festival but not regularly ","No","","No","No","Yes","Yes","My Cabin Luggage is smart. Bought it because of the TSA Lock (could be opened from customs without assistance from my side) and made it smart on my own with an AirTag ","","Yes","Integrated Scale, but only for bigger luggage","Misplaced luggage (by the carrier);Delayed luggage","46-60 €"
"2023/11/13 12:02:20 pm CET","21","German","Germany, Bonn","Student","More than 15 times","Suitcase (carry-on);Backpack (below 50 litre);Handbag","Clothes, Books, Electronical devices, usual travel objects","Yes","New suitcase because my old one broke","No","No","Yes","No","","I have never heard of smart luggage before ","No","Tracking device","Misplaced luggage (by the carrier);Luggage theft;Delayed luggage","46-60 €"
"2023/11/13 12:02:50 pm CET","25","Germany","Netherlands","Student","4-6","Suitcase (carry-on);Suitcase (check-in luggage);Handbag","when I move countries","Yes","meidum-size suitcase","Yes","Yes","No","No","","did not know it existed","No","-","Loosing your luggage;Misplaced luggage (by the carrier);Damaged luggage;Overweight fees;Delayed luggage","1-15 €"
"2023/11/13 12:03:44 pm CET","24","German","Dublin","Student","More than 15 times","Suitcase (carry-on);Backpack (below 50 litre)","Usually not","No","","No","No","No","No","","The need and price","No","n/a","Loosing your luggage;Luggage theft;Damaged luggage","31-45 €"
"2023/11/13 12:03:48 pm CET","21","German","Dublin, Ireland ","university student ","More than 15 times","Suitcase (carry-on);Backpack (below 50 litre)","","No","","No","No","No","No","","I already have the luggage I need, and buying a new one ist too expensive ","No","integrated scale, tracking device, lock, possibility to show flight information","Loosing your luggage;Luggage theft;Damaged luggage;Overweight fees","46-60 €"
"2023/11/13 12:03:57 pm CET","22","German","Germany","Student","More than 15 times","Suitcase (carry-on);Laptop bag","No","No","","No","Yes","No","No","","Price","No","Tracking device, integrated power bank","Loosing your luggage","31-45 €"
"2023/11/13 12:04:01 pm CET","23","German, French","Augsburg, Germany","Consultant","More than 15 times","Suitcase (carry-on);Suitcase (check-in luggage);Backpack (below 50 litre);Laptop bag","Scuba Equipment ","No","","Yes","No","No","No","","No need","No","integrated scale","Loosing your luggage;Delayed luggage","76-100 €"
"2023/11/13 12:07:47 pm CET","22","German ","Marburg, Germany ","student","10-15","Backpack (50 litre and above);Backpack (below 50 litre);Duffel bag/Weekender","","No","","Yes","No","No","No","","Never heard of it before ","No","Tracking device, measuring device to determine whether the luggage has been subjected to violent shocks","Misplaced luggage (by the carrier);Overweight fees","31-45 €"
"2023/11/13 12:07:57 pm CET","22","German","Austria","Student","10-15","Suitcase (check-in luggage);Duffel bag/Weekender;Handbag;Laptop bag","","No","","Yes","No","No","No","","Haven’t had the news for it so far ","No","A tracking device would be helpful especially when traveling by plane, since it occurs very often  lately that luggage gets lost ","Loosing your luggage;Misplaced luggage (by the carrier);Damaged luggage;Luggage mix up;Delayed luggage","31-45 €"
"2023/11/13 12:09:06 pm CET","24","German","Mannheim, Germany","Student","More than 15 times","Suitcase (carry-on);Backpack (below 50 litre);Handbag;Laptop bag","","No","","No","No","No","No","","No need for a new piece of luggage","No","Both might be helpful ","Loosing your luggage;Misplaced luggage (by the carrier);Damaged luggage;Luggage mix up","31-45 €"
"2023/11/13 12:09:57 pm CET","22","german","Italy","Student","4-6","Suitcase (carry-on);Backpack (below 50 litre)","No","No","","No","No","Yes","No","","Currently no need for smart luggage","No","In general high quality of the luggage (robust materials, smooth wheels)","Misplaced luggage (by the carrier)","I would not buy such a solution"
"2023/11/13 12:10:55 pm CET","21","German","Frankfurt, Germany","Student, but also working at DZ BANK","More than 15 times","Suitcase (carry-on);Backpack (below 50 litre);Handbag","","No","","Yes","No","No","No","","I never had any issues with my luggages.","No","The packing process would be easier with a scale","Damaged luggage;Overweight fees","1-15 €"
"2023/11/13 12:12:34 pm CET","19","German","Freiburg, Germany","Student","More than 15 times","Backpack (below 50 litre)","No","No","","No","Yes","No","No","","Frankly, no need. I do not travel by air frequently and I normally don't lose my luggage otherwise. And I can charge my phone at home...","No","None of the above. To me, it sounds like gizmos that might be good in specific situations but are mainly useless in everyday life.","Loosing your luggage","I would not buy such a solution"
"2023/11/13 12:14:28 pm CET","21","German","Dublin","Student","4-6","Suitcase (carry-on);Suitcase (check-in luggage);Backpack (50 litre and above)","","No","","Yes","No","Yes","No","","Expensive and I don’t need it ","No","Integrated scale, tracking device ","Loosing your luggage;Luggage theft;Damaged luggage;Overweight fees;Delayed luggage","16-30 €"
"2023/11/13 12:15:23 pm CET","22","German","Kassel, Germany","Student","1-3","Suitcase (carry-on);Laptop bag","","No","","Yes","No","No","No","","I don’t need a new piece of luggage right now - my used pieces of luggage are still in a good condition","No","Tracking device","Loosing your luggage;Luggage theft;Overweight fees","61-75 €"
"2023/11/13 12:15:39 pm CET","22","German","02799 Waltersdorf, Germany","Student","4-6","Suitcase (check-in luggage);Handbag","","No","","No","No","No","No","","","Yes","Tracking Devices","Loosing your luggage;Misplaced luggage (by the carrier);Luggage theft;Overweight fees","16-30 €"
"2023/11/13 12:17:16 pm CET","22","German, French","Dublin, Ireland ","Student ","10-15","Suitcase (carry-on);Backpack (below 50 litre)","","No","","Yes","No","No","No","","The price and the fact that I already own good quality suitcases. ","No","Integrated scale ","Loosing your luggage;Luggage theft;Overweight fees","31-45 €"
"2023/11/13 12:18:42 pm CET","23","German","Dublin","Student","7-9","Suitcase (check-in luggage);Backpack (below 50 litre);Duffel bag/Weekender","","No","","Yes","No","Yes","No","","No need for a new luggage ","Yes","Scale","Misplaced luggage (by the carrier);Luggage theft;Delayed luggage","46-60 €"
"2023/11/13 12:18:58 pm CET","22","German","Reutlingen, Germany","Student","4-6","Suitcase (carry-on);Suitcase (check-in luggage);Backpack (below 50 litre);Handbag","","Yes","Bigger Backback for a backpacking trip ","Yes","No","Yes","No","","Too expensive ","No","Tracking device, scale, USB charging port ","Loosing your luggage;Damaged luggage;Overweight fees;Delayed luggage","46-60 €"
"2023/11/13 12:19:55 pm CET","30","German","Dublin","Student","More than 15 times","Backpack (below 50 litre)","No","No","","No","No","No","No","","No need / expensive","No","No different airline rules for hand luggage size, especially on backpacks","Forgetting stuff I need","I would not buy such a solution"
"2023/11/13 12:24:04 pm CET","22","German ","Dublin, Ireland ","Student","More than 15 times","Suitcase (carry-on);Suitcase (check-in luggage);Backpack (below 50 litre);Handbag","No","No","","Yes","No","No","No","","I have my suitcases and don’t need new ones ","No","Scale ","Damaged luggage;Overweight fees","31-45 €"
"2023/11/13 12:24:23 pm CET","24","German","Jena, Germany ","Student ","10-15","Suitcase (carry-on);Suitcase (check-in luggage);Backpack (below 50 litre)","","No","","No","Yes","No","Yes","A TSA-approved lock to make travelling more accessible in case my luggage has to be accessed without me being around. ","","Yes","Tracking my luggage is most important for me.","Loosing your luggage;Misplaced luggage (by the carrier);Luggage theft;Damaged luggage;Luggage mix up","31-45 €"
"2023/11/13 12:24:32 pm CET","22","German","Konstanz, Germany","Student","1-3","Suitcase (check-in luggage)","No","Yes","Suitcase (carry on)","No","No","No","No","","No desperate need for it","No","Tracking device","Damaged luggage","31-45 €"
"2023/11/13 12:27:09 pm CET","26","German","Groningen ","Student","4-6","Suitcase (carry-on);Suitcase (check-in luggage)","No","Yes","Case for bicycle","No","No","No","No","","Don’t need it ","No","Tracking device ","Loosing your luggage;Damaged luggage","I would not buy such a solution"
"2023/11/13 12:27:42 pm CET","23","German ","Munich, Germany ","Student","More than 15 times","Suitcase (carry-on);Suitcase (check-in luggage);Backpack (below 50 litre);Handbag","","Yes","A backpack for hand luggage","Yes","No","No","No","","No need","No","Tracking device and integrated scale and measurement of luggage in terms of size","Loosing your luggage;Misplaced luggage (by the carrier);Damaged luggage;Overweight fees;Delayed luggage","16-30 €"
"2023/11/13 12:34:45 pm CET","29","Belgian","Liège, Belgium","Employee","7-9","Suitcase (carry-on);Suitcase (check-in luggage);Duffel bag/Weekender;Handbag","","No","","No","No","Yes","No","","I did not know it exists","No","Tracking device ","Loosing your luggage;Luggage theft;Damaged luggage","Above 100 €"
"2023/11/13 12:35:11 pm CET","25","German","Vancouver, Canada","Student","10-15","Suitcase (carry-on);Suitcase (check-in luggage);Backpack (50 litre and above);Backpack (below 50 litre);Duffel bag/Weekender","","No","","No","No","No","No","","No need for new equipment. Might consider when I need new one","No","Not having to worry about weight limit when packing a reasonable amount.","Loosing your luggage;Overweight fees;Luggage mix up","46-60 €"
"2023/11/13 12:36:19 pm CET","21","German","Munich, Germany ","Student","7-9","Suitcase (carry-on);Suitcase (check-in luggage);Backpack (below 50 litre);Duffel bag/Weekender","","No","","Yes","No","No","Yes","TSA locks, for convenience & safety","","No","both of these would. Airtags are an easy solution if people are afraid of luggage misplacement. An integrated scale is probably convenient, but most frequent travellers will already have a way to determine their luggage‘s weight.","Loosing your luggage;Misplaced luggage (by the carrier);Delayed luggage","Above 100 €"
"2023/11/13 12:37:10 pm CET","57","German","Fladungen, Germany","Photographer","10-15","Suitcase (carry-on);Suitcase (check-in luggage);Laptop bag","Dog","No","","Yes","No","Yes","Yes","Away hardshell carry-o ","","Yes","Integrated scale would be cool but if it increases the weight considerably, then not. Tracking: def interested ","Loosing your luggage;Delayed luggage","31-45 €"
"2023/11/13 12:38:30 pm CET","25","German","Dublin, Ireland","Sales","More than 15 times","Backpack (50 litre and above)","no","No","","Yes","No","Yes","No","","no need so far","No","USB charger","Overweight fees","16-30 €"
"2023/11/13 12:40:45 pm CET","21","Germany / UK / Malta ","Dublin, Ireland","N/A","More than 15 times","Suitcase (carry-on);Backpack (below 50 litre)","","Yes","","Yes","No","No","No","","Pricing - battery is too heavy","No","Integrated scale sure thing but not 100% needed ; tracking device is useless from my point of view because if its lost somewhere its lost like I wont fly back just to pick up my suitcase and then fly back again","Damaged luggage;Overweight fees","I would not buy such a solution"
"2023/11/13 12:44:31 pm CET","21","German","Mainz, Germany","Student","More than 15 times","Suitcase (check-in luggage);Backpack (below 50 litre)","","No","","No","No","No","No","","","No","A tracking device","Loosing your luggage","16-30 €"
"2023/11/13 12:44:58 pm CET","70","Belgian","Belgium","Consultant ","More than 15 times","Suitcase (check-in luggage)","No","No","","No","No","Yes","Yes","Tumi bag","","Yes","Tracking device would be nice","Loosing your luggage","31-45 €"
"2023/11/13 12:46:48 pm CET","24","German","Loughborough, UK","Stduent","10-15","Suitcase (check-in luggage);Backpack (50 litre and above);Backpack (below 50 litre);Handbag","only for longer travels (eg big suitcase) by plane, happens once in a couple of years","No","","Yes","No","Yes","No","","no need to buy a new piece of luggage since mine are fully functional. If buying a new one in a couple of years, I might consider buying smart luggage depending on the price","No","integrated scale","Loosing your luggage;Luggage theft;Overweight fees","16-30 €"
"2023/11/13 12:49:26 pm CET","50","German","Czech republic","Office Assistant","7-9","Suitcase (carry-on);Suitcase (check-in luggage);Backpack (below 50 litre);Handbag","","No","","Yes","No","No","No","","No interest","No","No Airline fees for luggage ","Loosing your luggage;Luggage theft;Damaged luggage","31-45 €"
"2023/11/13 12:50:02 pm CET","21","French","Dublin","Basket ball","7-9","Backpack (below 50 litre)","","Yes","Suitcase ","Yes","No","Yes","No","","Didn't know about it ","No","A luggage that is easy to transport even when it's heavy ","Damaged luggage;Overweight fees","46-60 €"
"2023/11/13 12:53:43 pm CET","20","German","Berlin, Germany","Student","More than 15 times","Suitcase (check-in luggage);Backpack (below 50 litre)","","No","","No","No","No","No","","For me it’s fancy but not necessary","No","Luggage service at home (like baggage service in Dubai offered by Emirates) ","Loosing your luggage;Delayed luggage","61-75 €"
"2023/11/13 12:59:05 pm CET","49","German","Suzhou, China","Graphic designer","7-9","Suitcase (carry-on);Suitcase (check-in luggage);Duffel bag/Weekender;Handbag;Laptop bag","no","Yes","check in luggage","Yes","No","Yes","No","","don't trust smart devices","No","I haven't needed it before and don't think I will in the future","Luggage theft;Damaged luggage;Luggage mix up","I would not buy such a solution"
"2023/11/13 1:00:49 pm CET","22","German ","Kirchentellinsfurt, Germany ","Student ","10-15","Suitcase (check-in luggage);Backpack (below 50 litre)","","No","","No","No","No","No","","No need for it","No","Tracking device ","Loosing your luggage;Misplaced luggage (by the carrier);Delayed luggage","46-60 €"
"2023/11/13 1:01:07 pm CET","47","german, swiss","Switzerland","Civil Engineering","1-3","Suitcase (carry-on);Suitcase (check-in luggage);Backpack (50 litre and above);Backpack (below 50 litre);Handbag","Child Seat","No","","Yes","Yes","Yes","No","","No need","No","USB charging ports","Loosing your luggage;Luggage theft","1-15 €"
"2023/11/13 1:01:26 pm CET","24","germqn","uk","Student","More than 15 times","Backpack (below 50 litre);Handbag","clothing","No","","No","No","No","Yes","Usb charging (gift)","","No","Tracking device","Misplaced luggage (by the carrier);Delayed luggage","16-30 €"
"2023/11/13 1:01:51 pm CET","45","German and British","United Kingdom, Cambridgeshire","Self-employed consultant","1-3","Suitcase (carry-on);Suitcase (check-in luggage);Duffel bag/Weekender;Handbag;Laptop bag","no","No","","Yes","No","Yes","No","","","Yes","I have a suitcase with an AirTag but none of the airlines I have flown with so far actually support the technology!","Damaged luggage;Delayed luggage","46-60 €"
"2023/11/13 1:02:40 pm CET","21","German","Country","Assistent Productionmanager","4-6","Duffel bag/Weekender","","No","","No","No","No","No","","I like my dufffle bag and I don't have the need for USB ports and stuff like that on my bag or backpack","No","I'm thinking of a tracking device but more for other stuff like keys or my wallet","Loosing your luggage;Luggage theft","16-30 €"
"2023/11/13 1:04:24 pm CET","27","German","Darmstadt, Germany","PostDoc","10-15","Suitcase (carry-on);Backpack (50 litre and above)","for longer holidays (~10+ days), I use a big suitcase","Yes","suitcase (checked-in luggage) as my old one is quite old and starts to fall apart in places","Yes","No","No","No","","no need to spend money on luggage because I currently own suitcases; do not use a large suitcase frequently enough to warrant spending more money on smart features; never misplaced my backpack/carry-on and always bring it with me so no real need for a tracking function; own a suitcase scale","No","tracking device","Overweight fees;Delayed luggage","16-30 €"
"2023/11/13 1:05:32 pm CET","53","German","Dubai, United Arab Emirates","Personal assistant","4-6","Suitcase (carry-on);Suitcase (check-in luggage);Duffel bag/Weekender;Handbag","No","No","","Yes","No","Yes","No","","Restrictions from airlines","No","Don’t know","Misplaced luggage (by the carrier);Damaged luggage","I would not buy such a solution"
"2023/11/13 1:06:20 pm CET","20","Germany","Madrid, Spain","Student","4-6","Suitcase (carry-on);Suitcase (check-in luggage);Backpack (below 50 litre)","For longer vacations and when I moved from Germany to Spain, so mostly clothes ","Yes","A small hand luggage suitcase (to be taken in the plane), because it costs less than a regular big suitcase (and is even free with some airlines)","No","No","No","No","","I don‘t think I need it, but I haven’t given it much thought before","No","I don‘t need much…. My suitcase should hold my stuff and be distiguishable from other suitcases ","Overweight fees;Luggage mix up;Delayed luggage","I would not buy such a solution"
"2023/11/13 1:11:57 pm CET","42","German","Munich Germany ","Housewife","More than 15 times","Suitcase (carry-on);Suitcase (check-in luggage);Handbag","No","No","","No","No","Yes","No","","","No","It an opportunity ","Damaged luggage;Delayed luggage","76-100 €"
"2023/11/13 1:11:57 pm CET","19","German","Dublin, Ireland","Student","10-15","Suitcase (carry-on);Suitcase (check-in luggage);Backpack (below 50 litre);Handbag","","No","","Yes","No","No","No","","I so far have not felt like I needed it but it also has not been on my radar","No","An integrated scale would probably be very helpful","Loosing your luggage;Misplaced luggage (by the carrier);Luggage theft;Luggage mix up","31-45 €"
"2023/11/13 1:12:41 pm CET","21","German","Mannheim, Germany","Student","10-15","Suitcase (carry-on);Suitcase (check-in luggage);Backpack (50 litre and above);Duffel bag/Weekender;Handbag;Laptop bag","","No","","No","No","No","No","","That I already own a normal suitcase/bag","No","Tracking device","Loosing your luggage;Misplaced luggage (by the carrier);Luggage theft","31-45 €"
"2023/11/13 1:13:59 pm CET","20","German","Dublin","Student","More than 15 times","Suitcase (carry-on);Duffel bag/Weekender;Handbag","","Yes","Duffel bag because old one is damaged","Yes","No","No","No","","Have not bought a new suitcase","No","Integrated Scale","Misplaced luggage (by the carrier)","31-45 €"
"2023/11/13 1:16:18 pm CET","23","German","Mannheim, Germany","Student","10-15","Suitcase (carry-on);Suitcase (check-in luggage)","If you travel for a longer period of stuff, you simply need more space","No","","No","No","Yes","No","","Upgrade after sale, e.g. Apple Location Chip","Yes","AirTag","Damaged luggage","46-60 €"
"2023/11/13 1:21:33 pm CET","19","German","Dublin","Student","More than 15 times","Suitcase (carry-on);Backpack (below 50 litre)","","No","","No","No","No","No","","Never thought about it, never felt like I needed something other than regular luggage","No","Tracking device","Loosing your luggage;Misplaced luggage (by the carrier);Luggage mix up","46-60 €"
"2023/11/13 1:22:28 pm CET","25","Portuguese","Germany","employed","10-15","Suitcase (carry-on)","No","No","","No","No","Yes","No","","No benefit","No","-","Overweight fees","I would not buy such a solution"
"2023/11/13 1:27:58 pm CET","23","greek","stuttgart ,germany ","student ","4-6","Suitcase (carry-on);Suitcase (check-in luggage);Handbag","no","No","","No","No","No","No","","information, what’s the benefit , price?","No","maybe am tracking device in case of an loss of luggage ","Loosing your luggage;Luggage theft","I would not buy such a solution"
"2023/11/13 1:28:30 pm CET","22","german","Bielefeld, Germany","student","7-9","Suitcase (carry-on);Backpack (50 litre and above);Backpack (below 50 litre);Handbag","","No","","No","No","No","No","","i didn't know something like that exists and i never felt ne need of one","No","tracking device","Loosing your luggage;Misplaced luggage (by the carrier);Luggage theft","16-30 €"
"2023/11/13 1:31:27 pm CET","54","German","Greece","Self ocvupied in tourism","4-6","Suitcase (check-in luggage);Handbag;Laptop bag","No","Yes","Suitcase in very light fabric","Yes","No","Yes","No","","Don't need yet","No","Integrated scale","Loosing your luggage;Overweight fees;Luggage mix up","46-60 €"
"2023/11/13 1:39:45 pm CET","23","German ","Dublin, Ireland","Student ","4-6","Suitcase (carry-on);Suitcase (check-in luggage);Backpack (below 50 litre)","no","No","","No","No","No","No","","haven't considered it, no recent purchases of new luggage ","No","tracking ","Loosing your luggage;Misplaced luggage (by the carrier)","31-45 €"
"2023/11/13 1:40:59 pm CET","27","German","Switzerland ","Student ","More than 15 times","Suitcase (carry-on);Suitcase (check-in luggage);Backpack (50 litre and above);Backpack (below 50 litre);Handbag","No","Yes","Rimowa suitcase ","Yes","No","Yes","Yes","TSA approved and use an AirTag for my bag ","","Yes","Amazing ","Damaged luggage;Delayed luggage","16-30 €"
"2023/11/13 1:41:35 pm CET","28","German","Germany ","Journalist","More than 15 times","Suitcase (carry-on)","No","No","","Yes","Yes","No","No","","I don’t need it ","No","Probably an AirTag ","Loosing your luggage;Misplaced luggage (by the carrier);Luggage theft;Damaged luggage;Overweight fees","16-30 €"
"2023/11/13 1:41:50 pm CET","50","German","Granger USA","Home maker","4-6","Suitcase (carry-on);Suitcase (check-in luggage);Backpack (50 litre and above);Duffel bag/Weekender;Handbag","","No","","Yes","No","Yes","No","","To avoid problems with airline ","Yes","Yes, tracking and integrated scale ","Loosing your luggage;Misplaced luggage (by the carrier);Damaged luggage;Overweight fees;Delayed luggage","31-45 €"
"2023/11/13 1:44:42 pm CET","21","German","Leipzig, Germany","Student Assistent","More than 15 times","Suitcase (carry-on);Duffel bag/Weekender;Handbag","","No","","No","No","No","Yes","Suitcase with integrated location tracking","","No","No idea","Loosing your luggage;Damaged luggage","1-15 €"
"2023/11/13 1:48:03 pm CET","21","German","Munich, Germany","Student","4-6","Backpack (below 50 litre);Handbag","Sirfboard","No","","Yes","No","No","No","","Too expensive","No","Tracking device","Loosing your luggage;Misplaced luggage (by the carrier);Overweight fees;Luggage mix up;Delayed luggage","31-45 €"
"2023/11/13 1:51:03 pm CET","22","German","Lisbon, Portugal","Music student ","More than 15 times","Suitcase (carry-on)","Yes, instruments","No","","No","No","No","No","","I never felt like I need it","No","Insurance for the luggage","Loosing your luggage;Luggage theft;Damaged luggage","16-30 €"
"2023/11/13 1:53:45 pm CET","25","German ","Germany","Student ","1-3","Suitcase (carry-on);Suitcase (check-in luggage);Duffel bag/Weekender;Handbag","No","No","","No","No","No","No","","No need","Yes","Tracking device","Loosing your luggage;Misplaced luggage (by the carrier);Luggage theft;Damaged luggage;Luggage mix up","1-15 €"
"2023/11/13 2:03:32 pm CET","21","German ","Elon, US","Student","10-15","Suitcase (carry-on);Backpack (50 litre and above);Backpack (below 50 litre);Laptop bag","No","No","","Yes","No","No","No","","No need for it and higher cost ","No","tracking device, integrated scale, charging port","Loosing your luggage;Misplaced luggage (by the carrier);Damaged luggage;Overweight fees","1-15 €"
"2023/11/13 2:06:52 pm CET","61","German","Tokyo, Japan","Retired","More than 15 times","Suitcase (carry-on);Backpack (below 50 litre);Handbag","No, I only travel with small luggage","No","","Yes","No","Yes","No","","So far I am fine with my suitcase/backpack. I travel with stuff that wouldn’t be an issue if lost. ","No","Tracking device maybe","Misplaced luggage (by the carrier);Delayed luggage","76-100 €"
"2023/11/13 2:09:09 pm CET","22","German","Germany ","Trainee PR","7-9","Suitcase (carry-on);Suitcase (check-in luggage);Backpack (below 50 litre);Handbag","","No","","Yes","No","No","No","","Didn't think about it but probably also the price","No","Scale, tracking, charger, lock","Loosing your luggage;Luggage theft;Damaged luggage","46-60 €"
"2023/11/13 2:13:16 pm CET","23","German","UK","Student","10-15","Suitcase (carry-on);Suitcase (check-in luggage);Backpack (below 50 litre);Handbag","","No","","Yes","No","No","Yes","It happened to have smart features, but I did not buy it because of its smart features. ","","Yes","Don’t know","Loosing your luggage;Luggage theft;Overweight fees","31-45 €"
"2023/11/13 2:18:32 pm CET","55","German","Berlin, Germany","Education Consultant","More than 15 times","Suitcase (carry-on);Suitcase (check-in luggage);Handbag","No","Yes","suitcase, wear an tear","No","No","Yes","No","","All available without smart luggage ","Yes","Not required ","Loosing your luggage;Misplaced luggage (by the carrier);Damaged luggage;Delayed luggage","I would not buy such a solution"
"2023/11/13 2:21:30 pm CET","22","German","Germany","Student","7-9","Suitcase (carry-on);Suitcase (check-in luggage);Handbag","No","No","No","No","No","No","No","-","Don’t see the need","Yes","Tracking (hence the AirTag)","Loosing your luggage","16-30 €"
"2023/11/13 2:24:02 pm CET","60","Germany ","Hong Kong,  China ","Social and psychological counselor ","4-6","Suitcase (check-in luggage);Backpack (below 50 litre)","","No","","Yes","No","Yes","Yes","Suitcases,  mandatory on flights ","","No","None","Misplaced luggage (by the carrier);Luggage theft;Delayed luggage","I would not buy such a solution"
"2023/11/13 2:24:32 pm CET","21","French","Toulouse ","Student ","7-9","Suitcase (check-in luggage);Backpack (50 litre and above);Backpack (below 50 litre);Duffel bag/Weekender","Clothing, expansive things ","No","","No","No","No","No","","AirTag can do same ","No","Tracking device ","Misplaced luggage (by the carrier);Delayed luggage","16-30 €"
"2023/11/13 2:25:13 pm CET","23","German","England ","Student","More than 15 times","Suitcase (check-in luggage);Backpack (below 50 litre)","","No","","Yes","No","Yes","Yes","","","No","Tracking","Loosing your luggage;Luggage theft;Delayed luggage","31-45 €"
"2023/11/13 2:27:14 pm CET","24","German","Dublin","Student","7-9","Suitcase (carry-on);Suitcase (check-in luggage);Backpack (below 50 litre);Duffel bag/Weekender","Clothes","Yes","Suitcase (check-in)","No","No","No","No","","No need so far/ didn’t know the categorie ","No","Less waiting time for check in luggage (check-in, waiting for check in luggage)","Misplaced luggage (by the carrier);Delayed luggage","31-45 €"
"2023/11/13 2:29:40 pm CET","21","German, Bulgarian","Reutlingen, Germany","Student","More than 15 times","Suitcase (carry-on);Handbag","Not really","No","","No","No","No","No","","I own well-working existing luggage and therefore don´t have a strong need for replacing them just to add smart elements that I could at least partially replace otherwise.","No","Tracking device & scale","Loosing your luggage;Misplaced luggage (by the carrier);Damaged luggage;Overweight fees;Luggage mix up;Delayed luggage","31-45 €"
"2023/11/13 2:32:17 pm CET","52","German ","Hanoi, Vietnam ","Diplomat (Angestellte geh. Dienst)","4-6","Suitcase (carry-on);Suitcase (check-in luggage);Handbag;Laptop bag","No","No","","Yes","No","Yes","No","","No necessary ","No","No idea ","Loosing your luggage;Delayed luggage","1-15 €"
"2023/11/13 2:53:14 pm CET","23","German","Dublin ","Student ","More than 15 times","Suitcase (carry-on);Backpack (50 litre and above);Backpack (below 50 litre)","","No","","No","No","No","Yes","TSA Lock ","","Yes","Tracking ","Misplaced luggage (by the carrier);Damaged luggage","16-30 €"
"2023/11/13 2:58:34 pm CET","52","German","Heidelberg, Germany ","Architect ","4-6","Suitcase (carry-on);Suitcase (check-in luggage)","","No","","No","No","Yes","No","","I dont See the Benefit ","No","Integrated scale ","Overweight fees;Delayed luggage","16-30 €"
"2023/11/13 2:59:49 pm CET","21","German","Munich, Germany ","Student","7-9","Suitcase (carry-on);Suitcase (check-in luggage);Handbag","Yes, for longer travel periods. Mostly for clothes and liquid (skin) care products >100ml when traveling by plane.","No","","No","No","No","No","","Haven’t even really heard about it until now. So what’s preventing me: Lack of knowledge; probably price since I expect them to be rather expensive ","No","tracking device, integrated power bank/usb port","Loosing your luggage;Luggage theft","46-60 €"
"2023/11/13 3:17:39 pm CET","22","German ","Heidelberg, germany ","Apartment  ","4-6","Suitcase (carry-on);Backpack (50 litre and above);Backpack (below 50 litre);Handbag","","No","","Yes","No","No","No","","Don’t need that shit","Yes","-","Luggage theft","I would not buy such a solution"
"2023/11/13 3:24:07 pm CET","22","German","Raleigh, United States","Student ","7-9","Suitcase (carry-on);Suitcase (check-in luggage);Backpack (below 50 litre)","","No","","Yes","No","Yes","Yes","TSA approved lock (none of the other characteristics mentioned)","I don‘t think it is super necessary","No","Integrated scale would be useful","Loosing your luggage;Misplaced luggage (by the carrier);Damaged luggage","1-15 €"
"2023/11/13 3:28:58 pm CET","59","German","Deutschland, Hessen, Königstein im Taunus ","Physiotherapeutin ","10-15","Suitcase (carry-on);Suitcase (check-in luggage);Handbag","No","No","","No","No","No","No","","No needed","No","Nothing ","Loosing your luggage;Misplaced luggage (by the carrier);Luggage theft;Damaged luggage;Delayed luggage","1-15 €"
"2023/11/13 3:31:23 pm CET","60","German","Dubai VAE","Property Manager","7-9","Suitcase (carry-on);Suitcase (check-in luggage);Handbag;Laptop bag","","No","","Yes","No","No","No","","Never thought about","No","Integrated power box","Loosing your luggage","16-30 €"
"2023/11/13 3:59:08 pm CET","58","German","Germany ","Teacher","10-15","Suitcase (check-in luggage);Handbag","","No","","Yes","No","No","No","","","No","F","Loosing your luggage;Misplaced luggage (by the carrier);Damaged luggage;Delayed luggage","1-15 €"
"2023/11/13 4:15:33 pm CET","21","German ","Canada","Student","More than 15 times","Suitcase (carry-on);Backpack (below 50 litre);Handbag;Laptop bag","n/a","No","n/a","Yes","No","No","No","n/a","I already have other luggage","No","integrated scale","Loosing your luggage;Misplaced luggage (by the carrier);Luggage theft;Damaged luggage;Overweight fees;Luggage mix up;Delayed luggage","76-100 €"
"2023/11/13 4:30:41 pm CET","22","German-brazilian","Switzerland","Student","10-15","Duffel bag/Weekender","No not really","No","","Yes","No","Yes","No","","Money ","No","AirTag for sure","Loosing your luggage;Damaged luggage;Overweight fees;Delayed luggage","16-30 €"
"2023/11/13 4:32:41 pm CET","23","German","Italy","Student","7-9","Suitcase (carry-on);Suitcase (check-in luggage);Backpack (below 50 litre)","Clothes an co. ","No","","No","No","No","No","","Most likely the price","No","tracking device","Loosing your luggage;Luggage theft;Luggage mix up","16-30 €"
"2023/11/13 4:33:02 pm CET","22","German","Glasgow, UK","Student","More than 15 times","Suitcase (carry-on);Suitcase (check-in luggage);Backpack (50 litre and above);Backpack (below 50 litre)","","No","","Yes","No","No","No","","","No","Scale","Overweight fees","31-45 €"
"2023/11/13 4:35:21 pm CET","23","German / Italian","Italy","Student / Working Student","10-15","Duffel bag/Weekender;Handbag;Big Duffel Bag (95 liters)","","No","","No","No","Yes","No","","I don't really need it","No","maybe a tracking device","Delayed luggage","16-30 €"
"2023/11/13 4:59:01 pm CET","49","Deutsch ","Frankfurt Germany","Housewife","4-6","Suitcase (carry-on);Suitcase (check-in luggage);Duffel bag/Weekender;Handbag","Suitcase for clothes","No","","Yes","No","No","Yes","","","Yes","Tracking device, integrated scale","Loosing your luggage;Luggage theft;Damaged luggage;Overweight fees","61-75 €"
"2023/11/13 5:05:08 pm CET","20","German","Munich","Student","7-9","Suitcase (check-in luggage);Backpack (below 50 litre);Handbag;Laptop bag","clothing, camera equipment, shoes, liquids, climbing gear","No","","No","No","No","No","","I am content with the luggage I already own","No","smart storage solutions to pack more efficiently","Loosing your luggage;Luggage theft;Damaged luggage;Overweight fees","16-30 €"
"2023/11/13 5:11:15 pm CET","22","German","Augsburg, Germany","Student","4-6","Suitcase (carry-on);Suitcase (check-in luggage);Backpack (below 50 litre);Handbag","","Yes","A lighter suitcase for maximising the benefits of carry-on luggage ","Yes","No","No","No","","Never heard of it","No","Integrated weight measurement, probably also an integrated GPS tracking device","Loosing your luggage;Luggage theft;Overweight fees","16-30 €"
"2023/11/13 5:13:27 pm CET","22","Germany","Dublin","Student","10-15","Suitcase (check-in luggage);Backpack (below 50 litre)","","No","","Yes","No","No","No","","No need","No","Tacking device, integrated scale all in one","Luggage theft","31-45 €"
"2023/11/13 5:18:29 pm CET","32","German+ USA","Germany ","Executive Assistant ","More than 15 times","Suitcase (carry-on);Backpack (below 50 litre);Laptop bag","No","Yes","Carey on suitcase","Yes","No","No","No","","Didnt know it exists","No","Both","Overweight fees;Luggage mix up","16-30 €"
"2023/11/13 5:25:53 pm CET","21","German","Dresden, Germany ","EMS-Personaltrainer and Human Ressource Manager ","1-3","Suitcase (carry-on);Suitcase (check-in luggage);Backpack (50 litre and above);Backpack (below 50 litre)","","No","","No","No","No","No","","I didn't needed it untill now","No","tracking, smart lock","Loosing your luggage;Misplaced luggage (by the carrier);Luggage theft;Damaged luggage","46-60 €"
"2023/11/13 5:34:57 pm CET","23","German","Cologne, Germany ","Student & part-time flight attendant ","10-15","Suitcase (carry-on);Suitcase (check-in luggage);Handbag","No","Yes","New carry on suitcase because my current one is damaged ","Yes","No","No","No","","The fire and safety risk it still poses on board as well as the price ","No","I do not need further technological advancements ","Loosing your luggage;Luggage theft;Luggage mix up","Above 100 €"
"2023/11/13 6:06:25 pm CET","48","German","Doha, Qatar","Teacher ","4-6","Suitcase (check-in luggage);Backpack (below 50 litre);Handbag","","Yes","Replacing an old suitcase","Yes","No","No","No","","Hadn’t heard about it","No","Restricting myself to take less","Overweight fees","I would not buy such a solution"
"2023/11/13 6:14:50 pm CET","22","German","Pfaffenhofen an der Ilm, Germany","Student","1-3","Suitcase (check-in luggage);Backpack (below 50 litre)","No","Yes","New suitcase as my old one is not the best anymore (old)","Yes","No","No","No","","No need ","No","luggage which carries itself","Loosing your luggage;Misplaced luggage (by the carrier);Damaged luggage;Overweight fees;Luggage mix up;Delayed luggage","31-45 €"
"2023/11/13 6:25:03 pm CET","50","German","Germany","Executive ","More than 15 times","Suitcase (carry-on);Duffel bag/Weekender;Laptop bag","Golf","No","","Yes","No","Yes","No","","Use of AirTag sufficient for my need","Yes","Tracking device","Delayed luggage","46-60 €"
"2023/11/13 6:30:00 pm CET","22","French","Montreal, Canada","Student","7-9","Suitcase (carry-on);Suitcase (check-in luggage);Backpack (below 50 litre);Duffel bag/Weekender","Apart from a checked suitcase, no.","No","","Yes","No","Yes","No","","I have had my luggage for a long time. It still works so I don't plan on buying anything new. ","Yes","I would like to have tracking devices in all my luggage. Ideally, airlines would take these into consideration when they lose your luggage. An integrated scale sounds nice as well. But i don't want these additions to increase the weight of the luggage. ","Loosing your luggage;Misplaced luggage (by the carrier);Luggage theft;Damaged luggage;Overweight fees;Luggage mix up","16-30 €"
"2023/11/13 6:44:01 pm CET","24","German","Toronto, Canada","Intern","More than 15 times","Suitcase (carry-on);Suitcase (check-in luggage);Backpack (below 50 litre);Duffel bag/Weekender","","No","","Yes","No","Yes","No","","The price and that I dont think I need it","No","I did not think about this topic before","Misplaced luggage (by the carrier);Damaged luggage;Overweight fees;Luggage mix up;Delayed luggage","31-45 €"
"2023/11/13 7:06:58 pm CET","18","german","weinstadt, Germany","student","1-3","Suitcase (check-in luggage);Laptop bag","","No","","Yes","No","No","No","","","No","selbstfahrender koffer (koffer mit Motorwelchen man mit dem Handy steuern kann) mit eingebautem Ortungsgrät","Loosing your luggage;Luggage theft;Damaged luggage;Luggage mix up;Delayed luggage","31-45 €"
"2023/11/13 7:07:59 pm CET","17","German ","Germany, Schleswig-Holstein, 25436 Tornesch","-","4-6","Suitcase (carry-on);Duffel bag/Weekender;Laptop bag","Not really ","Yes","Suitcase, because I want to get a better one with more quality ","No","Yes","No","No","","Didn't know about it beforehand ","No","Both namens examples","Loosing your luggage;Misplaced luggage (by the carrier);Luggage theft;Damaged luggage;Overweight fees;Luggage mix up;Delayed luggage","46-60 €"
"2023/11/13 7:20:33 pm CET","54","Ferman","Toulouse, France","Not working","7-9","Suitcase (carry-on);Suitcase (check-in luggage);Handbag","No","No","","Yes","No","Yes","Yes","Samsung, because I needed a new carry on suitcase","","Yes","Tracking device","Loosing your luggage;Misplaced luggage (by the carrier)","46-60 €"
"2023/11/13 7:41:33 pm CET","54","Austrian","Dubai","Interior designer","More than 15 times","Suitcase (carry-on);Suitcase (check-in luggage);Handbag","","No","","No","No","No","No","","Life span of the device ","No","Lighter luggage","Misplaced luggage (by the carrier);Delayed luggage","16-30 €"
"2023/11/13 7:45:46 pm CET","16","German and French","Frankfurt am Main, Germany","School","4-6","Suitcase (carry-on);Suitcase (check-in luggage);Backpack (below 50 litre);Handbag","Mainly clothes and vanity bag(s)","No","","Yes","No","No","No","","Nothing","Yes","Integrated scale and a better and safer closing system","Loosing your luggage;Misplaced luggage (by the carrier);Luggage theft;Damaged luggage;Overweight fees","46-60 €"
"2023/11/13 7:48:33 pm CET","65","Swiss ","Egypt ","Self occupied ","1-3","Suitcase (carry-on);Suitcase (check-in luggage);Handbag;Laptop bag","Mostly not ","No","","Yes","No","No","No","","","No","Scale! ","Loosing your luggage;Misplaced luggage (by the carrier);Damaged luggage;Overweight fees;Delayed luggage","16-30 €"
"2023/11/13 7:53:03 pm CET","46","German, British","Guildford, UK","Midwife","7-9","Suitcase (carry-on);Backpack (below 50 litre);Handbag","Longer trips, clothes and gifts","No","","Yes","Yes","No","No","","Don’t need new suitcase","No","Free carriage of luggage","Damaged luggage;Overweight fees","46-60 €"
"2023/11/13 7:56:19 pm CET","24","German","Munich, Germany ","Intern","10-15","Suitcase (carry-on);Suitcase (check-in luggage);Backpack (below 50 litre);Duffel bag/Weekender","Clothes","No","","Yes","No","No","No","","Prices and already owning a lot of luggage ","No","tracking device, integrated scale","Misplaced luggage (by the carrier);Overweight fees","31-45 €"
"2023/11/13 8:00:16 pm CET","24","German","Cologne","Student","10-15","Suitcase (carry-on);Suitcase (check-in luggage);Backpack (below 50 litre);Duffel bag/Weekender","Cloths","No","","Yes","No","Yes","No","","Price/Design","Yes","/","Loosing your luggage;Misplaced luggage (by the carrier);Damaged luggage;Delayed luggage","16-30 €"
"2023/11/13 8:03:44 pm CET","52","belgian french","Dornbirn austria","Senior Vice President","More than 15 times","Suitcase (carry-on);Suitcase (check-in luggage);Laptop bag","no","Yes","suitcase (carry on)","No","No","Yes","No","","i have enough of the old ones and no need yet to buy immediately an additional new one","Yes","tracking device","Misplaced luggage (by the carrier);Delayed luggage","16-30 €"
"2023/11/13 8:22:25 pm CET","23","Germany","Erlangen, Germany","Software-Engineer/Computer Scientist ","4-6","Suitcase (carry-on);Backpack (50 litre and above);Backpack (below 50 litre);Laptop bag","","No","","No","No","No","No","","","No","More locks, integrated foldable backpack, easy to access water bottle","Loosing your luggage","I would not buy such a solution"
"2023/11/13 8:43:08 pm CET","22","German","Toronto, Canada","Student ","More than 15 times","Suitcase (check-in luggage);Backpack (50 litre and above);Backpack (below 50 litre)","","No","","No","No","No","Yes","Backpack. Good looks. ","","No","/","Loosing your luggage","1-15 €"
"2023/11/13 8:45:27 pm CET","50","Germany","Berlin, Germany","Business Development for Training Company","10-15","Suitcase (carry-on);Backpack (below 50 litre);Laptop bag","No","Yes","Carry on suitcase ","No","No","Yes","No","","Cost","No","Scale, tracking ","Loosing your luggage;Luggage theft","16-30 €"
"2023/11/13 8:49:02 pm CET","22","French ","Dublin Ireland ","Student ","More than 15 times","Suitcase (check-in luggage);Backpack (50 litre and above);Backpack (below 50 litre);Handbag","","No","","Yes","No","No","No","","Price","Yes","Tracking ","Loosing your luggage;Damaged luggage;Delayed luggage","61-75 €"
"2023/11/13 8:52:01 pm CET","52","german ","Regensburg, Germany ","Travelagent","10-15","Suitcase (carry-on);Suitcase (check-in luggage);Backpack (below 50 litre);Handbag","normally not ","Yes","carry on suitcase ","Yes","No","Yes","No","","didn’t need anything new the last years ","No","Air Tag","Misplaced luggage (by the carrier);Luggage mix up","46-60 €"
"2023/11/13 9:32:01 pm CET","53","German and Swiss","Zürich, Switzerland ","Head of Marketing & Communication ","7-9","Suitcase (carry-on);Suitcase (check-in luggage);Backpack (below 50 litre);Duffel bag/Weekender;Handbag","Clothes ","No","","No","No","No","No","","No need ","Yes","Scale, USB port for charging ","Loosing your luggage;Misplaced luggage (by the carrier);Delayed luggage","76-100 €"
"2023/11/13 10:15:01 pm CET","19","German","St. Gallen, Switzerland","Consultant in a Student Consultancy & Student","More than 15 times","Suitcase (carry-on);Suitcase (check-in luggage);Backpack (below 50 litre)","","No","","Yes","No","No","No","","","Yes","Adjustable size","Damaged luggage","16-30 €"
"2023/11/13 10:26:29 pm CET","57","Austrian ","Lahore ","Self employed ","10-15","Suitcase (carry-on);Suitcase (check-in luggage);Duffel bag/Weekender;Handbag","Only if  necessary ","Yes","Soft case ","Yes","No","Yes","No","","My old one still works ","No","All of the above and very good wheels ","Loosing your luggage;Luggage theft","61-75 €"
"2023/11/13 10:54:59 pm CET","20","Mexican","Houston, United States","Student","1-3","Suitcase (carry-on);Backpack (below 50 litre)","Not necessarily unless its for a long stay, it is usually clothes","No","","Yes","Yes","Yes","Yes","Away bag at the Away store","","No","Tracking device","Loosing your luggage;Luggage theft","16-30 €"
"2023/11/13 11:03:34 pm CET","61","Germany","Elsterheide, Germany","Teacher","4-6","Suitcase (carry-on);Suitcase (check-in luggage);Handbag","No, I don't.","No","","Yes","No","Yes","No","","","No","Integrated Scale ","Misplaced luggage (by the carrier);Delayed luggage","31-45 €"
"2023/11/13 11:20:04 pm CET","57","German","Frankfurt","Labour lawyer","4-6","Suitcase (check-in luggage);Handbag","No","Yes","Carry-on suitcase","No","No","Yes","No","","No idea","No","Tracking device","Loosing your luggage;Damaged luggage","31-45 €"
"2023/11/13 11:44:17 pm CET","45","German","Beach Lake, USA","Direct Sales and Stay at home mom","1-3","Suitcase (carry-on);Suitcase (check-in luggage);Handbag;Laptop bag","","No","","Yes","No","Yes","No","","I still have perfectly good luggage and bought a small handheld scale. Works great","No","Maybe tracking","Loosing your luggage;Misplaced luggage (by the carrier);Luggage theft;Damaged luggage;Overweight fees","31-45 €"
"2023/11/14 12:47:38 am CET","73","Austrian","Jakarta, Indonesia","Retired","7-9","Suitcase (carry-on);Suitcase (check-in luggage);Backpack (below 50 litre)","For fragile items","Yes","Rimowa - because of the good quality (light and long lasting)","No","No","Yes","Yes","TSA approved lock - for traveling to the US","-","Yes","Both","Loosing your luggage","31-45 €"
"2023/11/14 12:53:16 am CET","41","German","Usa","Retired","4-6","Suitcase (carry-on);Suitcase (check-in luggage);Duffel bag/Weekender;Handbag;Laptop bag","Clothing shoes toilettery","No","","Yes","Yes","Yes","No","","Old suitcase is not broken ","Yes","Both suggestions. ","Loosing your luggage;Misplaced luggage (by the carrier);Overweight fees;Delayed luggage","31-45 €"
"2023/11/14 1:05:24 am CET","47","German","Germany","school secretary","7-9","Suitcase (carry-on);Suitcase (check-in luggage);Duffel bag/Weekender","","No","","No","No","Yes","No","","nothing, just have not done it yet","No","great! tracking device and integrated scale","Misplaced luggage (by the carrier);Damaged luggage","46-60 €"
"2023/11/14 1:21:19 am CET","59","USA (former Austria)","Utah, USA ","Retired","1-3","Suitcase (check-in luggage);Backpack (below 50 litre);Handbag","","No","","No","No","No","No","","No need for now","No","Less worries ","Misplaced luggage (by the carrier)","1-15 €"
"2023/11/14 5:36:34 am CET","23","Germany","Beijing, China","Student ","10-15","Suitcase (check-in luggage);Backpack (50 litre and above);Duffel bag/Weekender;Laptop bag","","No","","No","No","No","No","","Haven't considered it yet, too expensive ","No","Nothing ","Loosing your luggage;Misplaced luggage (by the carrier)","16-30 €"
"2023/11/14 5:41:56 am CET","55","German ","Germany ","Management Assistant ","1-3","Suitcase (carry-on);Suitcase (check-in luggage);Handbag","","No","","Yes","No","Yes","No","","No need ","No","Tracking Device ","Misplaced luggage (by the carrier)","46-60 €"
"2023/11/14 6:55:10 am CET","55","Tanzanian","Tanzania ","Tour operator","More than 15 times","Duffel bag/Weekender;Handbag;Laptop bag","Various","No","","Yes","Yes","Yes","No","","No need","No","Not needed","Loosing your luggage;","I would not buy such a solution"
"2023/11/14 7:05:00 am CET","33","Slowenian ","Basel, Switzerland ","Test Manager","More than 15 times","Suitcase (carry-on);Suitcase (check-in luggage);Duffel bag/Weekender;Handbag;Laptop bag","no, i hate too much luggage","No","","Yes","No","No","No","","I didn't know about that type of luggage.","No","The coziness.","Loosing your luggage;Misplaced luggage (by the carrier);Luggage theft;Damaged luggage;Luggage mix up","61-75 €"
"2023/11/14 7:16:44 am CET","53","German, American ","Monroe, NY, USA","Web designer","4-6","Suitcase (carry-on);Suitcase (check-in luggage);Handbag;Laptop bag","No","No","","Yes","No","Yes","No","","Didn't know that existed ","No","Tracking device, integrated scale","Misplaced luggage (by the carrier);Luggage theft;Damaged luggage;Overweight fees;Luggage mix up;Delayed luggage;Having to carry heavy luggage e.g. when escalators don't work or there are none. Climbing in an out of train and storing luggage on train","46-60 €"
"2023/11/14 9:20:41 am CET","55","Finnish","Singapore","Teacher","10-15","Suitcase (check-in luggage);Backpack (below 50 litre)","No","No","","Yes","No","No","No","","No need","No","Air Tag ","Loosing your luggage;Misplaced luggage (by the carrier);Delayed luggage","16-30 €"
"2023/11/14 9:22:46 am CET","23","German","Germany","Student","1-3","Suitcase (carry-on);Backpack (below 50 litre)","Shoes, coats, heavier clothing, sports equipment ","Yes","Small carry on because the handle on the old one is faulty","Yes","Yes","Yes","No","","Did not see the value yet and also possibly the charging battery being fault. ","No","Tracking device","Loosing your luggage;Misplaced luggage (by the carrier);Damaged luggage;Luggage mix up;Delayed luggage","31-45 €"
"2023/11/14 10:45:33 am CET","23","German","Berlin, GERMANY ","Intern, Founder‘s Associate ","More than 15 times","Suitcase (carry-on);Suitcase (check-in luggage);Backpack (50 litre and above);Backpack (below 50 litre)","","Yes","Carry on suitcase, travel frequency will increase due to new job","Yes","No","Yes","No","","My current luggage is still fine, higher cost or low quality","No","Tracking device, scale, lock","Loosing your luggage;Misplaced luggage (by the carrier);Luggage theft;Overweight fees;Delayed luggage","76-100 €"
"2023/11/14 11:19:03 am CET","21","German","Dublin, Ireland","Student","7-9","Suitcase (carry-on);Suitcase (check-in luggage)","","No","","No","No","No","Yes","TSA-approved lock","","No","Integrated scale","Misplaced luggage (by the carrier);Overweight fees","31-45 €"
"2023/11/14 11:29:44 am CET","26","german","Munich, Germany ","dual student","7-9","Suitcase (carry-on);Backpack (below 50 litre);Duffel bag/Weekender;Handbag","","No","","No","Yes","No","Yes","carry-on suitcase with tsa lock","","No","integrated scale","Loosing your luggage;Misplaced luggage (by the carrier);Damaged luggage","46-60 €"
"2023/11/14 1:21:07 pm CET","63","German","Helsinki, Finland","Translator","7-9","Suitcase (carry-on);Suitcase (check-in luggage);Laptop bag","","No","","Yes","Yes","Yes","No","","I do not need a new piece of luggage","No","possibly a tracking device","Misplaced luggage (by the carrier)","16-30 €"
"2023/11/14 2:53:39 pm CET","22","Austria, Germany","Washington D.C., USA","Student / Private Equity Working Student","More than 15 times","Suitcase (carry-on);Suitcase (check-in luggage);Backpack (below 50 litre)","Sometimes Golf Equipment ","No","","Yes","No","No","No","","I do not see the benefit and like to stick to more classy looking luggage (Rimowa aluminum) ","No","Location tracking","Damaged luggage","16-30 €"
"2023/11/14 3:01:38 pm CET","32","German","Lisbon, Portugal","Customer Success","10-15","Suitcase (check-in luggage);Backpack (below 50 litre);Duffel bag/Weekender;Laptop bag;Surfboardbag","Surfboards ","Yes","suitcase for flights","No","No","Yes","No","","Never thought of it","No","vibration meter / detector","Misplaced luggage (by the carrier);Damaged luggage","46-60 €"
"2023/11/14 3:18:59 pm CET","45","Austria","Amman / Jordan","Assistant","4-6","Suitcase (carry-on);Suitcase (check-in luggage);Handbag","","No","","Yes","No","Yes","No","","Not necessary","No","Integrated scale","Misplaced luggage (by the carrier);Luggage theft;Overweight fees;Luggage mix up;Delayed luggage","46-60 €"
"2023/11/14 3:50:32 pm CET","22","German","Stuttgart, Germany","Student","1-3","Suitcase (carry-on);Suitcase (check-in luggage);Duffel bag/Weekender","","No","","Yes","No","Yes","No","","","No","Tracking device, integrated (phone) charging station ","Loosing your luggage;Luggage theft","1-15 €"
"2023/11/15 1:31:35 am CET","45","Singapore","Singapore","Shipping Operator","1-3","Suitcase (carry-on);Suitcase (check-in luggage);Backpack (below 50 litre)","No","Yes","Suitcase with wheels for both check in and hand carry. The current suitcase is falling apart.","Yes","No","Yes","No","","Cost and Weight","Yes","More reliable services from the airlines.","Loosing your luggage;Misplaced luggage (by the carrier);Overweight fees;Delayed luggage","46-60 €"
"2023/11/15 2:56:04 am CET","60","German, Australian","Sydney","Retired","4-6","Suitcase (carry-on);Suitcase (check-in luggage);Backpack (below 50 litre);Handbag","no","No","","No","No","Yes","No","","Don't think I need it","No","tracking device would be good, but would be better to be used across my multiple suitcases (I have different sizes for different lengths of trips and depending on which season I travel)","Misplaced luggage (by the carrier)","I would not buy such a solution"
"2023/11/15 9:31:19 am CET","47","German","Germany","Senior Researcher","7-9","Suitcase (carry-on);Suitcase (check-in luggage);Duffel bag/Weekender;Handbag;Laptop bag","Ski","No","","No","Yes","Yes","No","","I use an Air Tag to track my luggage.","Yes","No more luggage delays","Loosing your luggage;Misplaced luggage (by the carrier);Damaged luggage","16-30 €"
"2023/11/15 10:11:00 am CET","22","Deutsch","Dresden in Deutschland ","Architektur Student","4-6","Backpack (below 50 litre);Duffel bag/Weekender","Yes, for Sports equipment","Yes","Bigger backpack... My current backpack ist to small and not comfortable ","Yes","No","No","No","","Not enough money as a student","No","a transparent 1 liter clip-on bag for liquids","Loosing your luggage;Luggage theft","1-15 €"
"2023/11/15 1:49:04 pm CET","22","German","Munich ","Student ","10-15","Suitcase (carry-on);Backpack (below 50 litre)","No ","Yes","Handluggage because mine is broken ","Yes","Yes","Yes","No","","To expensive ","No","Tracking devices ","Loosing your luggage;Misplaced luggage (by the carrier);Overweight fees;Luggage mix up","1-15 €"
"2023/11/15 7:22:01 pm CET","58","Austria ","Amman, jordan","Housewife ","4-6","Suitcase (check-in luggage);Backpack (50 litre and above)","No","No","","Yes","No","Yes","No","","No need","No","I don't know","Loosing your luggage","16-30 €"
"2023/11/15 7:41:36 pm CET","58","German","Uznach Switzerland ","Travel agent","7-9","Suitcase (carry-on);Suitcase (check-in luggage);Handbag","No","Yes","Bigger suitcase as my old one needs to be renewed ","No","No","Yes","No","","Never thought about it","No","Tracking device","Loosing your luggage;Misplaced luggage (by the carrier);Damaged luggage;Delayed luggage","31-45 €"
"2023/11/15 10:14:58 pm CET","57","German","Sierra leone","Pharmacist at the UN","7-9","Suitcase (carry-on);Suitcase (check-in luggage);Handbag","No","No","","Yes","Yes","No","No","","I am not having problems with the luggage, even though we have unusual countries traveling too. we usually  book the slightly more reliable (and expensive) airlines. Maybe this is the reason why we do not have problems ","No","Integrated scale would be super. 👍 ","Overweight fees","16-30 €"
"2023/11/16 3:52:25 pm CET","23","Germany","Loughborough, UK","Student","7-9","Backpack (below 50 litre);Handbag;Laptop bag","","No","","No","No","No","No","","Never heard of it before","No","Integrated tracking possibilities ","Loosing your luggage","1-15 €"
"2023/11/16 5:17:34 pm CET","22","German","Maastricht, Netherlands","Student","10-15","Suitcase (carry-on);Suitcase (check-in luggage);Backpack (below 50 litre);Handbag","","No","","Yes","No","No","No","","I did not know about it ","No","scale","Loosing your luggage;Overweight fees","76-100 €"
"2023/11/17 10:40:01 pm CET","51","German","Valencia, Spain","None ","4-6","Suitcase (carry-on);Duffel bag/Weekender;Handbag;Laptop bag","","No","","Yes","No","Yes","No","","What's the point?","No","Can't think of any","Damaged luggage;Overweight fees","I would not buy such a solution"
"2023/11/21 8:22:35 am CET","23","German ","Tübingen Germany ","Student ","10-15","Suitcase (carry-on);Backpack (below 50 litre);Duffel bag/Weekender;Handbag;Laptop bag","","No","","Yes","Yes","Yes","Yes","A bag with a charging port for for independent travel without worrying about the battery ","","No","Both of those would be helpful ","Luggage theft;Overweight fees","31-45 €"
"2023/11/21 11:29:31 am CET","22","German","Germany","Student","4-6","Suitcase (carry-on);Suitcase (check-in luggage);Backpack (below 50 litre)","","No","","Yes","No","Yes","No","","","Yes","Tracking device, extra protected pocket for laptop etc., integrated scale would be useful","Loosing your luggage;Damaged luggage;Luggage mix up","16-30 €"
"2023/11/21 12:49:31 pm CET","22","Swiss","Basel, Switzerland","Student","1-3","Suitcase (check-in luggage);Duffel bag/Weekender;Laptop bag","","No","","Yes","No","Yes","No","","Because I think that I don’t travel enough to need these kind of luggages. ","No","I think that an integrated scale would be a very useful gadget to have in a luggage since it could help save you some expenses when you luggage is to heavy. But also a tracking device would be even more important I think. Especially since luggages get stolen or lost more frequently. ","Loosing your luggage;Misplaced luggage (by the carrier);Luggage theft;Overweight fees","76-100 €"
"2023/11/21 1:06:06 pm CET","23","Sri Lanka","Olten Switzerland","Student","1-3","Suitcase (check-in luggage)","Clothes","No","","Yes","No","No","No","","I dont need it at the moment","No","Integrated scale","Loosing your luggage","31-45 €"